Model,Section,Area,Pallet
"B52 21",Gelcoat,"Gel 1","Standard Gelcoat Pallet"
"B52 21",Gelcoat,"Gel 2","Metallic Gelcoat Pallet"
"B52 21",Gelcoat,"Gel 3","Metallic Gelcoat Pallet"
"B52 21",Gelcoat,"Gel 4","Metallic Gelcoat Pallet"
"B52 21",Gelcoat,"Gel 5","Standard Gelcoat Pallet"
"B52 21",Gelcoat,"Swimstep","Standard Gelcoat Pallet"
"B52 21",Upholstery,"Main","Main Upholstery Pallet"
"B52 21",Upholstery,"Base 1","Standard Upholstery Pallet"
"B52 21",Upholstery,"Base 2","Standard Upholstery Pallet"
"B52 21",Upholstery,"Accent Main","Standard Upholstery Pallet"
"B52 21",Upholstery,"Piping","Standard Upholstery Pallet"
"B52 21",Upholstery,"Welt","Standard Upholstery Pallet"
"B52 21",Upholstery,"Cushion Roll","Standard Upholstery Pallet"
"B52 21",Upholstery,"Cushion Panel","Standard Upholstery Pallet"
"B52 23",Gelcoat,"Gel 1","Standard Gelcoat Pallet"
"B52 23",Gelcoat,"Gel 2","Metallic Gelcoat Pallet"
"B52 23",Gelcoat,"Gel 3","Metallic Gelcoat Pallet"
"B52 23",Gelcoat,"Gel 4","Metallic Gelcoat Pallet"
"B52 23",Gelcoat,"Gel 5","Metallic Gelcoat Pallet"
"B52 23",Gelcoat,"Gel 6","Metallic Gelcoat Pallet"
"B52 23",Gelcoat,"Gel 7","Standard Gelcoat Pallet"
"B52 23",Gelcoat,"Gel 8","Metallic Gelcoat Pallet"
"B52 23",Gelcoat,"Gel 9","Metallic Gelcoat Pallet"
"B52 23",Gelcoat,"Gel 10","Metallic Gelcoat Pallet"
"B52 23",Gelcoat,"Swimstep","Standard Gelcoat Pallet"
"B52 23",Upholstery,"Main","Main Upholstery Pallet"
"B52 23",Upholstery,"Base 1","Standard Upholstery Pallet"
"B52 23",Upholstery,"Base 2","Standard Upholstery Pallet"
"B52 23",Upholstery,"Accent Main","Standard Upholstery Pallet"
"B52 23",Upholstery,"Piping","Standard Upholstery Pallet"
"B52 23",Upholstery,"Welt","Standard Upholstery Pallet"
"B52 23",Upholstery,"Cushion Roll","Standard Upholstery Pallet"
"B52 23",Upholstery,"Cushion Panel","Standard Upholstery Pallet"
"Tomcat F21",Gelcoat,"Gel 1","Standard Gelcoat Pallet"
"Tomcat F21",Gelcoat,"Gel 2","Metallic Gelcoat Pallet"
"Tomcat F21",Gelcoat,"Gel 3","Metallic Gelcoat Pallet"
"Tomcat F21",Gelcoat,"Gel 4","Metallic Gelcoat Pallet"
"Tomcat F21",Gelcoat,"Gel 5","Standard Gelcoat Pallet"
"Tomcat F21",Gelcoat,"Gel 6","Metallic Gelcoat Pallet"
"Tomcat F21",Gelcoat,"Swimstep","Standard Gelcoat Pallet"
"Tomcat F21",Upholstery,"Main","Main Upholstery Pallet"
"Tomcat F21",Upholstery,"Base 1","Standard Upholstery Pallet"
"Tomcat F21",Upholstery,"Accent Main","Standard Upholstery Pallet"
"Tomcat F21",Upholstery,"Piping","Standard Upholstery Pallet"
"Tomcat F21",Upholstery,"Welt","Standard Upholstery Pallet"
"Tomcat F21",Upholstery,"Cushion Roll","Standard Upholstery Pallet"
"Tomcat F21",Upholstery,"Cushion Panel","Standard Upholstery Pallet"
"Tomcat F22",Gelcoat,"Gel 1","Standard Gelcoat Pallet"
"Tomcat F22",Gelcoat,"Gel 2","Metallic Gelcoat Pallet"
"Tomcat F22",Gelcoat,"Gel 3","Metallic Gelcoat Pallet"
"Tomcat F22",Gelcoat,"Gel 4","Metallic Gelcoat Pallet"
"Tomcat F22",Gelcoat,"Gel 5","Metallic Gelcoat Pallet"
"Tomcat F22",Gelcoat,"Gel 6","Metallic Gelcoat Pallet"
"Tomcat F22",Gelcoat,"Gel 7","Standard Gelcoat Pallet"
"Tomcat F22",Gelcoat,"Swimstep","Standard Gelcoat Pallet"
"Tomcat F22",Upholstery,"Main","Main Upholstery Pallet"
"Tomcat F22",Upholstery,"Base 1","Standard Upholstery Pallet"
"Tomcat F22",Upholstery,"Base 2","Standard Upholstery Pallet"
"Tomcat F22",Upholstery,"Accent Main","Standard Upholstery Pallet"
"Tomcat F22",Upholstery,"Piping","Standard Upholstery Pallet"
"Tomcat F22",Upholstery,"Welt","Standard Upholstery Pallet"
"Tomcat F22",Upholstery,"Cushion Roll","Standard Upholstery Pallet"
"Tomcat F22",Upholstery,"Cushion Panel","Standard Upholstery Pallet"
"Tomcat F24",Gelcoat,"Gel 1","Standard Gelcoat Pallet"
"Tomcat F24",Gelcoat,"Gel 2","Metallic Gelcoat Pallet"
"Tomcat F24",Gelcoat,"Gel 3","Metallic Gelcoat Pallet"
"Tomcat F24",Gelcoat,"Gel 4","Metallic Gelcoat Pallet"
"Tomcat F24",Gelcoat,"Gel 5","Standard Gelcoat Pallet"
"Tomcat F24",Gelcoat,"Gel 6","Metallic Gelcoat Pallet"
"Tomcat F24",Gelcoat,"Swimstep","Standard Gelcoat Pallet"
"Tomcat F24",Upholstery,"Main","Main Upholstery Pallet"
"Tomcat F24",Upholstery,"Base 1","Standard Upholstery Pallet"
"Tomcat F24",Upholstery,"Base 2","Standard Upholstery Pallet"
"Tomcat F24",Upholstery,"Accent Main","Standard Upholstery Pallet"
"Tomcat F24",Upholstery,"Piping","Standard Upholstery Pallet"
"Tomcat F24",Upholstery,"Welt","Standard Upholstery Pallet"
"Tomcat F24",Upholstery,"Cushion Roll","Standard Upholstery Pallet"
"Tomcat F24",Upholstery,"Cushion Panel","Standard Upholstery Pallet"